



INSERT INTO Fieldt VALUES(1, "North field", "Works at night and has water cooler", 1);
INSERT INTO Fieldt VALUES(3, "South field", "Contains parking lot ", 1); 

INSERT INTO Fieldt VALUES(2, "East field", "Near a resteraunt", 1); 

INSERT INTO Fieldt VALUES(4, "West field", "Close to the team loung ", 1); 


INSERT INTO Department VALUES(1, "CCSE", "Computer science");
INSERT INTO Department VALUES(2, "CCSE", "SWE");
INSERT INTO Department VALUES(3, "CCSE", "COE");
insert into Department values (4, "Physics", "purse physics");
insert into Category (catid,name,descc)
values (1, "Strudent", "this is a kfupm student");

insert into Category (catid,name,descc)
values (2, "Faculty", "This is a kfupm faculty");


insert into Type values(1,1,"Student");
insert into Type values(2,1,"Student");
insert into Type values(3,1,"Student");
insert into Type values(4,1,"Student");
insert into Type values(5,1,"Student");
insert into Type values(6,1,"Student");
insert into Type values(7,1,"Student");
insert into Type values(8,1,"Student");
insert into Type values(9,1,"Student");
insert into Type values(10,1,"Student");
insert into Type values(11,1,"Student");
insert into Type values(12,1,"Student");
insert into Type values(13,1,"Student");
insert into Type values(14,1,"Student");
insert into Type values(15,1,"Student");
insert into Type values(16,1,"Student");
insert into Type values(17,1,"Student");


insert into contactType values(1,"Email", "s20171040@kfupm.edu.sa " );
insert into contactType values(2,"Email", "s20171041@kfupm.edu.sa " );
insert into contactType values(3,"Email", "s20171042@kfupm.edu.sa " );
insert into contactType values(4,"Email", "s20171043@kfupm.edu.sa " );
insert into contactType values(5,"Email", "s20171044@kfupm.edu.sa " );
insert into contactType values(6,"Email", "s20171045@kfupm.edu.sa " );
insert into contactType values(7,"Email", "s20171046@kfupm.edu.sa " );
insert into contactType values(8,"Email", "s20171047@kfupm.edu.sa " );
insert into contactType values(9,"Email", "s20171048@kfupm.edu.sa " );
insert into contactType values(10,"Email", "s20171049@kfupm.edu.sa " );
insert into contactType values(11,"Email", "s20171050@kfupm.edu.sa " );
insert into contactType values(12,"Email", "s20171051@kfupm.edu.sa " );
insert into contactType values(13,"Email", "s20171052@kfupm.edu.sa " );
insert into contactType values(14,"Email", "s20171053@kfupm.edu.sa " );
insert into contactType values(15,"Email", "s20171054@kfupm.edu.sa " );
insert into contactType values(16,"Email", "s20171055@kfupm.edu.sa " );
insert into contactType values(17,"Email", "s20171056@kfupm.edu.sa " );





insert into Tournament values(1,"WomensWorlds",'2020-01-01','2021-01-01');



insert into Team values(1,"Team Hardees");
insert into Team values(2,"Terminators.");
insert into Actor values(20171040,"Andre","Oliver",4,1);


insert into Contact values(20171040,1,"Email");

insert into Players values(1,1,20171040,0);
insert into TorActor values(1,20171040,1,1);






insert into Actor values(20171041,"Elias","Christopher",1,2);

insert into Contact values(20171041,2,"Email");

insert into Players values(2,2,20171041,0);
insert into TorActor values(1,20171041,2,2);








insert into Actor values(20171042,"Easton","Jonah",1,3);





insert into Contact values(20171042,3,"Email");

insert into Players values(3,3,20171042,0);




insert into TorActor values(1,20171042,1,3);



insert into Actor values(20171043,"Ethan","Bentley",4,4);

insert into Contact values(20171043,4,"Email");

insert into Players values(4,4,20171043,0);
insert into TorActor values(1,20171043,2,4);



insert into Actor values(20171044,"Emiliano","Adam",1,5);





insert into Contact values(20171044,5,"Email");

insert into Players values(5,5,20171044,0);
insert into TorActor values(1,20171044,1,5);



insert into Actor values(20171045,"Grant","Omar",3,6);

insert into Contact values(20171045,6,"Email");

insert into Players values(6,6,20171045,0);
insert into TorActor values(1,20171045,2,6);



insert into Actor values(20171046,"Axel","Colt",4,7);

insert into Contact values(20171046,7,"Email");

insert into Players values(7,7,20171046,0);
insert into TorActor values(1,20171046,1,7);



insert into Actor values(20171047,"Cody","Eduardo",3,8);

insert into Contact values(20171047,8,"Email");

insert into Players values(8,8,20171047,0);
insert into TorActor values(1,20171047,2,8);



insert into Actor values(20171048,"Beau","Charles",1,9);

insert into Contact values(20171048,9,"Email");

insert into Players values(9,1,20171048,0);
insert into TorActor values(1,20171048,1,9);



insert into Actor values(20171049,"Aiden","Elliott",4,10);

insert into Contact values(20171049,10,"Email");

insert into Players values(10,2,20171049,0);
insert into TorActor values(1,20171049,2,10);



insert into Actor values(20171050,"Cameron","Vincent",2,11);

insert into Contact values(20171050,11,"Email");

insert into Players values(11,3,20171050,0);
insert into TorActor values(1,20171050,1,11);



insert into Actor values(20171051,"Ryker","Iker",1,12);

insert into Contact values(20171051,12,"Email");

insert into Players values(12,4,20171051,0);
insert into TorActor values(1,20171051,2,12);



insert into Actor values(20171052,"Caden","August",2,13);

insert into Contact values(20171052,13,"Email");

insert into Players values(13,5,20171052,0);
insert into TorActor values(1,20171052,1,13);



insert into Actor values(20171053,"Samuel","Cody",3,14);

insert into Contact values(20171053,14,"Email");

insert into Players values(14,6,20171053,0);
insert into TorActor values(1,20171053,2,14);



insert into Actor values(20171054,"Israel","Ezekiel",2,15);

insert into Contact values(20171054,15,"Email");

insert into Players values(15,7,20171054,0);
insert into TorActor values(1,20171054,1,15);



insert into Actor values(20171055,"Beckett","Andrew",1,16);

insert into Contact values(20171055,16,"Email");

insert into Players values(16,8,20171055,0);
insert into TorActor values(1,20171055,2,16);



insert into Actor values(20171056,"Edward","Angel",2,17);

insert into Contact values(20171056,17,"Email");


insert into Refree values(17,20171056);
insert into Matcht values(1,2,1,4,'2020-01-01',1722,4,2,17);
insert into Eventt values(1, 20171041,2,70);









insert into Goals values(5973,1, 1,2,70);
insert into Eventt values(1, 20171041,2,75);
insert into Goals values(6823,1, 1,2,75);
insert into Eventt values(1, 20171041,2,18);
insert into Goals values(5630,1, 1,2,18);
insert into Eventt values(1, 20171041,2,18);
insert into Goals values(3359,1, 1,2,18);
insert into Eventt values(1, 20171040,2,10);




insert into Goals values(9080,1, 1,1,10);
insert into Eventt values(1, 20171040,2,3);
insert into Goals values(5800,1, 1,1,3);
insert into Eventt values(1, 20171041,2,12);
insert into Cards values(4, 1,"Yellow card","None");
insert into Matcht values(2,2,1,2,'2020-01-01',1518,2,0,17);
insert into Eventt values(2, 20171043,2,59);







insert into Goals values(3563,2, 1,4,59);
insert into Eventt values(2, 20171043,2,58);
insert into Goals values(6539,2, 1,4,58);
insert into Eventt values(2, 20171042,2,32);
insert into Cards values(5, 1,"Yellow card","None");
insert into Matcht values(3,2,1,3,'2020-01-01',1329,2,3,17);
insert into Eventt values(3, 20171045,2,55);





insert into Goals values(1459,3, 1,6,55);
insert into Eventt values(3, 20171045,2,29);
insert into Goals values(5658,3, 1,6,29);
insert into Eventt values(3, 20171044,2,14);






insert into Goals values(8178,3, 1,5,14);
insert into Eventt values(3, 20171044,2,22);
insert into Goals values(5695,3, 1,5,22);
insert into Eventt values(3, 20171044,2,72);
insert into Goals values(2895,3, 1,5,72);
insert into Eventt values(3, 20171045,2,28);
insert into Cards values(6, 1,"Yellow card","None");





insert into PlayerTeams values(1,2,2,null);
insert into PlayerTeams values(1,1,1,null);
insert into PlayerTeams values(1,2,4,null);
insert into PlayerTeams values(1,1,3,null);
insert into PlayerTeams values(1,2,6,null);
insert into PlayerTeams values(1,1,5,null);
insert into PlayerTeams values(1,2,8,null);
insert into PlayerTeams values(1,1,7,null);
insert into PlayerTeams values(1,2,10,null);
insert into PlayerTeams values(1,1,9,null);
insert into PlayerTeams values(1,2,12,null);
insert into PlayerTeams values(1,1,11,null);
insert into PlayerTeams values(1,2,14,null);
insert into PlayerTeams values(1,1,13,null);
insert into PlayerTeams values(1,2,16,null);
insert into PlayerTeams values(1,1,15,null);






update Players set goalsTotal= 4 where playerID=2;
update Players set goalsTotal= 2 where playerID=1;
update Players set goalsTotal= 2 where playerID=4;
update Players set goalsTotal= 0 where playerID=3;
update Players set goalsTotal= 2 where playerID=6;
update Players set goalsTotal= 3 where playerID=5;




